{
    "IsEncrypted": false,
  "Values": {
    "AzureWebJobsStorage": "DefaultEndpointsProtocol=https;AccountName=eauctionrgb712;AccountKey=ceeAQJNISRJVnGFgHvIn+wsjBkh2Xyv90E17npzIQJQzLZxuSitenXoc4y3r7GbwOwjLjXMLBe5G+ASt5RhMuw==;EndpointSuffix=core.windows.net",
    "FUNCTIONS_WORKER_RUNTIME": "dotnet"
    },
  "ConnectionStrings": {
    "ServiceBusConnection": "Endpoint=sb://eauctionsbus.servicebus.windows.net/;SharedAccessKeyName=RootManageSharedAccessKey;SharedAccessKey=UHnqYuXj0sgD6jvMupVjr84ns1oudG1VmDgWFhCfcW4=",
    "CosmosDbConnectionString": "mongodb://eauction-cosmos-mongo:YEzhfAB9jZKe0TPmWkcXtm31bsnPA97bH4nWjJmi9fOcuNLQnbyEt4XuFLnJeQWhMeOCKSbjl7zD5JEeVLsV9Q==@eauction-cosmos-mongo.mongo.cosmos.azure.com:10255/?ssl=true&replicaSet=globaldb&retrywrites=false&maxIdleTimeMS=120000&appName=@eauction-cosmos-mongo@"

  }
}